ra,dec,fov,width,height,hips,output,format
0.0064585607,-0.0925981576,0.2,500,500,SDSS,sdss_1.png,png
0.0077256892,0.7192583212,0.2,500,500,SDSS,sdss_2.png,png
0.0083321957,15.6971800894,0.2,500,500,SDSS,sdss_3.png,png
0.0087450043,15.8817127151,0.2,500,500,SDSS,sdss_4.png,png
0.0123196693,0.7180048356,0.2,500,500,SDSS,sdss_5.png,png
0.0134482038,-1.1130262142,0.2,500,500,SDSS,sdss_6.png,png
0.0138900551,-10.7210641992,0.2,500,500,SDSS,sdss_7.png,png
0.0174280619,-8.7341778245,0.2,500,500,SDSS,sdss_8.png,png
0.0184875821,-0.0833543258,0.2,500,500,SDSS,sdss_9.png,png
0.0191865407,-8.9437710136,0.2,500,500,SDSS,sdss_10.png,png
0.0197541764,0.7817154742,0.2,500,500,SDSS,sdss_11.png,png
0.0230886223,-1.2163740534,0.2,500,500,SDSS,sdss_12.png,png
0.0296928131,0.8579010705,0.2,500,500,SDSS,sdss_13.png,png
0.0325856945,-0.0405799698,0.2,500,500,SDSS,sdss_14.png,png
0.0421551328,0.6342977777,0.2,500,500,SDSS,sdss_15.png,png
0.0514589322,-10.5362980942,0.2,500,500,SDSS,sdss_16.png,png
0.0521894337,3.6387297349,0.2,500,500,SDSS,sdss_17.png,png
0.0532704528,1.1202164409,0.2,500,500,SDSS,sdss_18.png,png
0.054978767,14.5917070637,0.2,500,500,SDSS,sdss_19.png,png
0.0559933548,-1.2136367771,0.2,500,500,SDSS,sdss_20.png,png
0.0573761435,4.4606022374,0.2,500,500,SDSS,sdss_21.png,png
0.0587004788,-10.4794281243,0.2,500,500,SDSS,sdss_22.png,png
0.0602105035,14.2116173688,0.2,500,500,SDSS,sdss_23.png,png
0.0614929527,0.6745449978,0.2,500,500,SDSS,sdss_24.png,png
0.0655448481,-8.8910831939,0.2,500,500,SDSS,sdss_25.png,png
0.0678143857,14.733131611,0.2,500,500,SDSS,sdss_26.png,png
0.0778943555,-0.6518289243,0.2,500,500,SDSS,sdss_27.png,png
0.079310236,-10.8830506375,0.2,500,500,SDSS,sdss_28.png,png
0.0803697854,-9.632006694,0.2,500,500,SDSS,sdss_29.png,png
0.0820701663,-9.6951453726,0.2,500,500,SDSS,sdss_30.png,png
0.0828805411,14.3721009323,0.2,500,500,SDSS,sdss_31.png,png
0.0835969084,13.8337850961,0.2,500,500,SDSS,sdss_32.png,png
0.0843100481,14.1860931314,0.2,500,500,SDSS,sdss_33.png,png
0.085614039,-10.3468981357,0.2,500,500,SDSS,sdss_34.png,png
0.0872304752,0.2150667678,0.2,500,500,SDSS,sdss_35.png,png
0.0940027529,-0.9884602315,0.2,500,500,SDSS,sdss_36.png,png
0.0952010733,16.1478956397,0.2,500,500,SDSS,sdss_37.png,png
0.1144685953,14.9624826226,0.2,500,500,SDSS,sdss_38.png,png
0.1165830927,-0.4481786165,0.2,500,500,SDSS,sdss_39.png,png
0.1169598339,14.3812206569,0.2,500,500,SDSS,sdss_40.png,png
0.1192757992,0.8687213325,0.2,500,500,SDSS,sdss_41.png,png
0.1286587777,-1.2130222059,0.2,500,500,SDSS,sdss_42.png,png
0.1289487001,15.5859326312,0.2,500,500,SDSS,sdss_43.png,png
0.1307125535,-9.4655901867,0.2,500,500,SDSS,sdss_44.png,png
0.1327809232,16.1124089608,0.2,500,500,SDSS,sdss_45.png,png
0.133279894,-10.5561287047,0.2,500,500,SDSS,sdss_46.png,png
0.1349895898,14.5818339174,0.2,500,500,SDSS,sdss_47.png,png
0.1407209861,15.1839023948,0.2,500,500,SDSS,sdss_48.png,png
0.1424996362,14.6192187909,0.2,500,500,SDSS,sdss_49.png,png
0.1571881539,-10.1230740703,0.2,500,500,SDSS,sdss_50.png,png
0.1638272614,-0.0133944892,0.2,500,500,SDSS,sdss_51.png,png
0.1660825789,-11.1577004799,0.2,500,500,SDSS,sdss_52.png,png
0.1664950865,-1.1912341809,0.2,500,500,SDSS,sdss_53.png,png
0.1668310048,14.5521508548,0.2,500,500,SDSS,sdss_54.png,png
0.1682922957,-9.6728304764,0.2,500,500,SDSS,sdss_55.png,png
0.1756373457,0.0266268514,0.2,500,500,SDSS,sdss_56.png,png
0.1756873433,14.5064177375,0.2,500,500,SDSS,sdss_57.png,png
0.1822049264,-10.4226392077,0.2,500,500,SDSS,sdss_58.png,png
0.1839547052,0.6730020239,0.2,500,500,SDSS,sdss_59.png,png
0.1856100533,-8.726014579,0.2,500,500,SDSS,sdss_60.png,png
0.1866238443,-10.4058020291,0.2,500,500,SDSS,sdss_61.png,png
0.189995963,14.0746632606,0.2,500,500,SDSS,sdss_62.png,png
0.1961653018,14.3129321062,0.2,500,500,SDSS,sdss_63.png,png
0.1963498987,-10.8025041316,0.2,500,500,SDSS,sdss_64.png,png
0.1995353933,14.2775367022,0.2,500,500,SDSS,sdss_65.png,png
0.2023386211,14.5524291416,0.2,500,500,SDSS,sdss_66.png,png
0.2121434959,14.2361986974,0.2,500,500,SDSS,sdss_67.png,png
0.2129628453,14.2519400412,0.2,500,500,SDSS,sdss_68.png,png
0.2141856846,15.2508268479,0.2,500,500,SDSS,sdss_69.png,png
0.2170293981,-10.5869334067,0.2,500,500,SDSS,sdss_70.png,png
0.2175451027,-8.7444199593,0.2,500,500,SDSS,sdss_71.png,png
0.2204651488,14.4135279215,0.2,500,500,SDSS,sdss_72.png,png
0.222970147,-1.1152856006,0.2,500,500,SDSS,sdss_73.png,png
0.2243598589,13.8373136726,0.2,500,500,SDSS,sdss_74.png,png
0.2256395834,4.1868062626,0.2,500,500,SDSS,sdss_75.png,png
0.2269325687,2.9848551178,0.2,500,500,SDSS,sdss_76.png,png
0.2281262977,15.2187272017,0.2,500,500,SDSS,sdss_77.png,png
0.2320627367,14.0184297553,0.2,500,500,SDSS,sdss_78.png,png
0.2355416851,0.7627937866,0.2,500,500,SDSS,sdss_79.png,png
0.2398566241,15.278256349,0.2,500,500,SDSS,sdss_80.png,png
0.2410057168,14.1904168046,0.2,500,500,SDSS,sdss_81.png,png
0.2443039226,14.5446266841,0.2,500,500,SDSS,sdss_82.png,png
0.2568301077,14.8546445285,0.2,500,500,SDSS,sdss_83.png,png
0.2612992972,-0.2571302852,0.2,500,500,SDSS,sdss_84.png,png
0.2626977364,1.2680643241,0.2,500,500,SDSS,sdss_85.png,png
0.2649886062,14.5801851057,0.2,500,500,SDSS,sdss_86.png,png
0.2681060443,-9.6792465418,0.2,500,500,SDSS,sdss_87.png,png
0.2703940819,-9.1543321562,0.2,500,500,SDSS,sdss_88.png,png
0.2765641449,-10.4002625119,0.2,500,500,SDSS,sdss_89.png,png
0.2770198088,1.0660708381,0.2,500,500,SDSS,sdss_90.png,png
0.2813321144,1.2419513581,0.2,500,500,SDSS,sdss_91.png,png
0.2862098998,13.8571342853,0.2,500,500,SDSS,sdss_92.png,png
0.2876413071,14.5917625277,0.2,500,500,SDSS,sdss_93.png,png
0.2883163581,1.069297556,0.2,500,500,SDSS,sdss_94.png,png
0.2892274026,0.0844827409,0.2,500,500,SDSS,sdss_95.png,png
0.2905138488,-10.5430211497,0.2,500,500,SDSS,sdss_96.png,png
0.2999864661,15.4784273804,0.2,500,500,SDSS,sdss_97.png,png
0.3060393989,-0.9929496822,0.2,500,500,SDSS,sdss_98.png,png
0.3099710827,15.117151646,0.2,500,500,SDSS,sdss_99.png,png
0.3132044393,14.0023607068,0.2,500,500,SDSS,sdss_100.png,png
0.3150777502,14.6666655107,0.2,500,500,SDSS,sdss_101.png,png
0.3208954795,-1.0328643807,0.2,500,500,SDSS,sdss_102.png,png
0.3251785293,-10.426143246,0.2,500,500,SDSS,sdss_103.png,png
0.3489108264,-0.8519340343,0.2,500,500,SDSS,sdss_104.png,png
0.3514011814,0.7303920927,0.2,500,500,SDSS,sdss_105.png,png
0.358171925,13.8075934872,0.2,500,500,SDSS,sdss_106.png,png
0.3588053162,14.0014055393,0.2,500,500,SDSS,sdss_107.png,png
0.3638658029,14.190809423,0.2,500,500,SDSS,sdss_108.png,png
0.3687370033,-0.2243951367,0.2,500,500,SDSS,sdss_109.png,png
0.3722559575,14.726467971,0.2,500,500,SDSS,sdss_110.png,png
0.3747784819,1.0478397965,0.2,500,500,SDSS,sdss_111.png,png
0.3760024451,-0.2462358548,0.2,500,500,SDSS,sdss_112.png,png
0.3771057478,0.6582922724,0.2,500,500,SDSS,sdss_113.png,png
0.3809266712,14.4074535939,0.2,500,500,SDSS,sdss_114.png,png
0.3817846771,1.097419555,0.2,500,500,SDSS,sdss_115.png,png
0.384368434,14.1855298819,0.2,500,500,SDSS,sdss_116.png,png
0.3914931332,15.0815733235,0.2,500,500,SDSS,sdss_117.png,png
0.3942713067,0.2744187908,0.2,500,500,SDSS,sdss_118.png,png
0.398334598,14.6593826863,0.2,500,500,SDSS,sdss_119.png,png
0.398885134,-0.3951804552,0.2,500,500,SDSS,sdss_120.png,png
0.4152008813,1.3370130809,0.2,500,500,SDSS,sdss_121.png,png
0.417544224,1.0920083239,0.2,500,500,SDSS,sdss_122.png,png
0.421638866,-0.0492172431,0.2,500,500,SDSS,sdss_123.png,png
0.4219071882,1.017240046,0.2,500,500,SDSS,sdss_124.png,png
0.4350613846,15.204203188,0.2,500,500,SDSS,sdss_125.png,png
0.4356991754,14.8976472187,0.2,500,500,SDSS,sdss_126.png,png
0.4392688294,15.9678625601,0.2,500,500,SDSS,sdss_127.png,png
0.4434309226,0.7504689412,0.2,500,500,SDSS,sdss_128.png,png
0.4563540123,14.4396893659,0.2,500,500,SDSS,sdss_129.png,png
0.4565275793,0.5669259862,0.2,500,500,SDSS,sdss_130.png,png
0.4596576744,1.0319948297,0.2,500,500,SDSS,sdss_131.png,png
0.4607960092,1.0325439678,0.2,500,500,SDSS,sdss_132.png,png
0.4619515922,15.2550257116,0.2,500,500,SDSS,sdss_133.png,png
0.4620690777,-0.6538080092,0.2,500,500,SDSS,sdss_134.png,png
0.4637202966,-9.4084390928,0.2,500,500,SDSS,sdss_135.png,png
0.4737660086,16.1376338632,0.2,500,500,SDSS,sdss_136.png,png
0.4781747807,-8.9343388276,0.2,500,500,SDSS,sdss_137.png,png
0.4794969175,14.8524383529,0.2,500,500,SDSS,sdss_138.png,png
0.4801769566,0.0477655229,0.2,500,500,SDSS,sdss_139.png,png
0.4808816856,0.5462790545,0.2,500,500,SDSS,sdss_140.png,png
0.4868091301,1.1568716187,0.2,500,500,SDSS,sdss_141.png,png
0.5034400611,15.0256292212,0.2,500,500,SDSS,sdss_142.png,png
0.503742327,-9.7633559031,0.2,500,500,SDSS,sdss_143.png,png
0.5038693696,-0.3431394938,0.2,500,500,SDSS,sdss_144.png,png
0.5150618289,0.6318808477,0.2,500,500,SDSS,sdss_145.png,png
0.5154557511,13.7475818599,0.2,500,500,SDSS,sdss_146.png,png
0.5163130607,15.0551382942,0.2,500,500,SDSS,sdss_147.png,png
0.5201752372,0.6298434394,0.2,500,500,SDSS,sdss_148.png,png
0.5235333182,-11.2105835483,0.2,500,500,SDSS,sdss_149.png,png
0.5264302735,-10.2185509143,0.2,500,500,SDSS,sdss_150.png,png
0.5264925193,-9.2022149397,0.2,500,500,SDSS,sdss_151.png,png
0.5345998943,15.4496389354,0.2,500,500,SDSS,sdss_152.png,png
0.5379801109,0.5532383756,0.2,500,500,SDSS,sdss_153.png,png
0.5391161236,-10.4192988061,0.2,500,500,SDSS,sdss_154.png,png
0.5424716643,14.1362214355,0.2,500,500,SDSS,sdss_155.png,png
0.5523773114,0.0047342467,0.2,500,500,SDSS,sdss_156.png,png
0.552442631,-0.6804278239,0.2,500,500,SDSS,sdss_157.png,png
0.5581287784,-0.0209278059,0.2,500,500,SDSS,sdss_158.png,png
0.5615581328,14.4877463562,0.2,500,500,SDSS,sdss_159.png,png
0.5663575755,14.6718077624,0.2,500,500,SDSS,sdss_160.png,png
0.5684294662,0.4346580789,0.2,500,500,SDSS,sdss_161.png,png
0.570425647,0.909329964,0.2,500,500,SDSS,sdss_162.png,png
0.5725481424,-10.678063363,0.2,500,500,SDSS,sdss_163.png,png
0.573097566,-0.3434709283,0.2,500,500,SDSS,sdss_164.png,png
0.5787129334,0.4242638331,0.2,500,500,SDSS,sdss_165.png,png
0.5832642321,-0.8301314623,0.2,500,500,SDSS,sdss_166.png,png
0.5884319816,0.9372303623,0.2,500,500,SDSS,sdss_167.png,png
0.5918118359,15.419753816,0.2,500,500,SDSS,sdss_168.png,png
0.5930988126,0.6611075325,0.2,500,500,SDSS,sdss_169.png,png
0.5965685612,15.1164119305,0.2,500,500,SDSS,sdss_170.png,png
0.60273689,0.5351529187,0.2,500,500,SDSS,sdss_171.png,png
0.6072924664,-9.3666262187,0.2,500,500,SDSS,sdss_172.png,png
0.6136920886,16.0784836754,0.2,500,500,SDSS,sdss_173.png,png
0.616943701,0.1395472541,0.2,500,500,SDSS,sdss_174.png,png
0.6229956163,-0.7594537359,0.2,500,500,SDSS,sdss_175.png,png
0.6258810282,-10.9018462503,0.2,500,500,SDSS,sdss_176.png,png
0.6401108807,14.0826414341,0.2,500,500,SDSS,sdss_177.png,png
0.6434855016,13.9669163524,0.2,500,500,SDSS,sdss_178.png,png
0.6447089001,-0.6823399804,0.2,500,500,SDSS,sdss_179.png,png
0.6508476263,0.4211884978,0.2,500,500,SDSS,sdss_180.png,png
0.6515093943,0.4957200518,0.2,500,500,SDSS,sdss_181.png,png
0.6598405206,14.646897039,0.2,500,500,SDSS,sdss_182.png,png
0.6612569003,0.3860711005,0.2,500,500,SDSS,sdss_183.png,png
0.6639600663,2.3357499599,0.2,500,500,SDSS,sdss_184.png,png
0.6652026892,0.9426984707,0.2,500,500,SDSS,sdss_185.png,png
0.6662419457,1.0113084512,0.2,500,500,SDSS,sdss_186.png,png
0.6702894654,13.959446278,0.2,500,500,SDSS,sdss_187.png,png
0.6717009922,0.0832670881,0.2,500,500,SDSS,sdss_188.png,png
0.6775221001,1.050303947,0.2,500,500,SDSS,sdss_189.png,png
0.6794882815,-0.4094168957,0.2,500,500,SDSS,sdss_190.png,png
0.6795273518,0.5720010145,0.2,500,500,SDSS,sdss_191.png,png
0.6803389875,-10.7209159312,0.2,500,500,SDSS,sdss_192.png,png
0.6891092125,-10.5748510732,0.2,500,500,SDSS,sdss_193.png,png
0.6978234082,-9.8161025102,0.2,500,500,SDSS,sdss_194.png,png
0.6994081551,-9.0450624065,0.2,500,500,SDSS,sdss_195.png,png
0.7036762922,0.4761566475,0.2,500,500,SDSS,sdss_196.png,png
0.7046986548,-11.1263832559,0.2,500,500,SDSS,sdss_197.png,png
0.7059664931,0.75186529,0.2,500,500,SDSS,sdss_198.png,png
0.7134981916,16.0730649534,0.2,500,500,SDSS,sdss_199.png,png
0.714092337,-10.6381048679,0.2,500,500,SDSS,sdss_200.png,png
0.714905766,15.654835068,0.2,500,500,SDSS,sdss_201.png,png
0.7155226821,0.4293499764,0.2,500,500,SDSS,sdss_202.png,png
0.7165103889,16.0539411987,0.2,500,500,SDSS,sdss_203.png,png
0.7170784,0.6595636284,0.2,500,500,SDSS,sdss_204.png,png
0.7181070541,1.1170969916,0.2,500,500,SDSS,sdss_205.png,png
0.719565859,0.0083349984,0.2,500,500,SDSS,sdss_206.png,png
0.7216740491,0.9471303818,0.2,500,500,SDSS,sdss_207.png,png
0.7359539462,0.7726416217,0.2,500,500,SDSS,sdss_208.png,png
0.7366548577,-10.0592493538,0.2,500,500,SDSS,sdss_209.png,png
0.7383789921,0.1307093226,0.2,500,500,SDSS,sdss_210.png,png
0.7410613423,14.1639360611,0.2,500,500,SDSS,sdss_211.png,png
0.7411908228,-9.9547984995,0.2,500,500,SDSS,sdss_212.png,png
0.7441188577,0.1420233407,0.2,500,500,SDSS,sdss_213.png,png
0.7475987929,0.3043298281,0.2,500,500,SDSS,sdss_214.png,png
0.7522653895,0.0586714321,0.2,500,500,SDSS,sdss_215.png,png
0.7549597539,0.0607554323,0.2,500,500,SDSS,sdss_216.png,png
0.756122386,-0.3171683807,0.2,500,500,SDSS,sdss_217.png,png
0.7569234395,15.6750168761,0.2,500,500,SDSS,sdss_218.png,png
0.7602347705,1.2045065589,0.2,500,500,SDSS,sdss_219.png,png
0.7745763694,-0.3570564889,0.2,500,500,SDSS,sdss_220.png,png
0.7774394875,15.9235489189,0.2,500,500,SDSS,sdss_221.png,png
0.7816867922,2.4058230196,0.2,500,500,SDSS,sdss_222.png,png
0.7835378301,3.5995383402,0.2,500,500,SDSS,sdss_223.png,png
0.7839017466,15.9770158097,0.2,500,500,SDSS,sdss_224.png,png
0.7877523285,-0.7522671029,0.2,500,500,SDSS,sdss_225.png,png
0.7925384831,1.134819492,0.2,500,500,SDSS,sdss_226.png,png
0.7939965554,1.1114915486,0.2,500,500,SDSS,sdss_227.png,png
0.795653368,-0.334414186,0.2,500,500,SDSS,sdss_228.png,png
0.7959569082,13.7776327221,0.2,500,500,SDSS,sdss_229.png,png
0.7967746941,-10.2391637889,0.2,500,500,SDSS,sdss_230.png,png
0.7969508783,15.9657109086,0.2,500,500,SDSS,sdss_231.png,png
0.8002124456,13.909793906,0.2,500,500,SDSS,sdss_232.png,png
0.8012507831,-10.8348151202,0.2,500,500,SDSS,sdss_233.png,png
0.8035693837,-9.0318567508,0.2,500,500,SDSS,sdss_234.png,png
0.806740019,-0.0435232729,0.2,500,500,SDSS,sdss_235.png,png
0.8078071732,-10.4512525981,0.2,500,500,SDSS,sdss_236.png,png
0.8120844056,-0.0382598002,0.2,500,500,SDSS,sdss_237.png,png
0.8124438251,1.1006819957,0.2,500,500,SDSS,sdss_238.png,png
0.8135594187,16.0482899063,0.2,500,500,SDSS,sdss_239.png,png
0.8142218982,-9.3101666735,0.2,500,500,SDSS,sdss_240.png,png
0.8146618922,0.2793064145,0.2,500,500,SDSS,sdss_241.png,png
0.8230929142,1.8580480069,0.2,500,500,SDSS,sdss_242.png,png
0.8238259329,15.5241861249,0.2,500,500,SDSS,sdss_243.png,png
0.8273552039,-10.7564021155,0.2,500,500,SDSS,sdss_244.png,png
0.8357649048,-0.5267194263,0.2,500,500,SDSS,sdss_245.png,png
0.8368597372,14.6733088506,0.2,500,500,SDSS,sdss_246.png,png
0.8401311519,-9.9832858555,0.2,500,500,SDSS,sdss_247.png,png
0.842582388,-10.7706281351,0.2,500,500,SDSS,sdss_248.png,png
0.843702451,1.0578851913,0.2,500,500,SDSS,sdss_249.png,png
0.8489069413,1.0998951378,0.2,500,500,SDSS,sdss_250.png,png
0.850709392,1.9434617712,0.2,500,500,SDSS,sdss_251.png,png
0.8610869875,0.9315782659,0.2,500,500,SDSS,sdss_252.png,png
0.8618930246,1.0807131167,0.2,500,500,SDSS,sdss_253.png,png
0.864582857,1.0977499294,0.2,500,500,SDSS,sdss_254.png,png
0.8646863216,-10.6764560515,0.2,500,500,SDSS,sdss_255.png,png
0.8655350207,2.0633656953,0.2,500,500,SDSS,sdss_256.png,png
0.868168367,0.8957967367,0.2,500,500,SDSS,sdss_257.png,png
0.8697114302,0.677026938,0.2,500,500,SDSS,sdss_258.png,png
0.8724289583,14.0084969216,0.2,500,500,SDSS,sdss_259.png,png
0.8743150752,-11.0768457269,0.2,500,500,SDSS,sdss_260.png,png
0.8783988688,-0.5657351228,0.2,500,500,SDSS,sdss_261.png,png
0.8787774799,1.05895943,0.2,500,500,SDSS,sdss_262.png,png
0.88129039,3.3352797506,0.2,500,500,SDSS,sdss_263.png,png
0.8838608153,-10.7446782921,0.2,500,500,SDSS,sdss_264.png,png
0.8840880527,13.9617768946,0.2,500,500,SDSS,sdss_265.png,png
0.8844551358,0.8828413738,0.2,500,500,SDSS,sdss_266.png,png
0.8872652169,1.0805512923,0.2,500,500,SDSS,sdss_267.png,png
0.8913471675,0.6142855867,0.2,500,500,SDSS,sdss_268.png,png
0.8940260033,14.0280778244,0.2,500,500,SDSS,sdss_269.png,png
0.8940358628,15.1639179082,0.2,500,500,SDSS,sdss_270.png,png
0.895923666,1.0458332162,0.2,500,500,SDSS,sdss_271.png,png
0.899094764,0.9092025118,0.2,500,500,SDSS,sdss_272.png,png
0.9026737681,15.1791078107,0.2,500,500,SDSS,sdss_273.png,png
0.9028273789,14.2427639331,0.2,500,500,SDSS,sdss_274.png,png
0.9096480092,13.9730677488,0.2,500,500,SDSS,sdss_275.png,png
0.910515374,0.886923503,0.2,500,500,SDSS,sdss_276.png,png
0.9170997136,-0.2802982048,0.2,500,500,SDSS,sdss_277.png,png
0.9208159772,1.151365011,0.2,500,500,SDSS,sdss_278.png,png
0.9208614324,15.1400506181,0.2,500,500,SDSS,sdss_279.png,png
0.9288679614,14.4121745548,0.2,500,500,SDSS,sdss_280.png,png
0.9336507758,2.7044675004,0.2,500,500,SDSS,sdss_281.png,png
0.9346708338,16.1868720257,0.2,500,500,SDSS,sdss_282.png,png
0.9357157384,0.5747109659,0.2,500,500,SDSS,sdss_283.png,png
0.9374746769,13.9571335946,0.2,500,500,SDSS,sdss_284.png,png
0.9394768467,1.044705638,0.2,500,500,SDSS,sdss_285.png,png
0.9416986558,0.8549106397,0.2,500,500,SDSS,sdss_286.png,png
0.9427946317,3.1753581265,0.2,500,500,SDSS,sdss_287.png,png
0.94358027,0.1981296052,0.2,500,500,SDSS,sdss_288.png,png
0.9438343164,-11.0286059061,0.2,500,500,SDSS,sdss_289.png,png
0.945906028,-0.0639620739,0.2,500,500,SDSS,sdss_290.png,png
0.9532559092,0.9461539729,0.2,500,500,SDSS,sdss_291.png,png
0.9545182557,15.319693594,0.2,500,500,SDSS,sdss_292.png,png
0.9564101554,2.1138719333,0.2,500,500,SDSS,sdss_293.png,png
0.9567083365,0.9915121901,0.2,500,500,SDSS,sdss_294.png,png
0.9628457487,-10.8107728528,0.2,500,500,SDSS,sdss_295.png,png
0.9661880842,-8.9131779258,0.2,500,500,SDSS,sdss_296.png,png
0.9682278652,-9.9435912994,0.2,500,500,SDSS,sdss_297.png,png
0.9685810449,-10.3949983466,0.2,500,500,SDSS,sdss_298.png,png
0.9739830658,14.5672316882,0.2,500,500,SDSS,sdss_299.png,png
0.9779057982,14.1973784798,0.2,500,500,SDSS,sdss_300.png,png
0.9825188553,0.3775479214,0.2,500,500,SDSS,sdss_301.png,png
0.9831170008,0.8841968065,0.2,500,500,SDSS,sdss_302.png,png
0.9846657531,2.2257890707,0.2,500,500,SDSS,sdss_303.png,png
0.9856658768,-10.351336507,0.2,500,500,SDSS,sdss_304.png,png
0.9886235195,0.4755810507,0.2,500,500,SDSS,sdss_305.png,png
0.9913354955,-10.345651526,0.2,500,500,SDSS,sdss_306.png,png
0.9921440637,-0.0456586022,0.2,500,500,SDSS,sdss_307.png,png
0.995029544,13.7245852528,0.2,500,500,SDSS,sdss_308.png,png
0.9974332902,-10.3196789209,0.2,500,500,SDSS,sdss_309.png,png
0.9985000827,2.4579197826,0.2,500,500,SDSS,sdss_310.png,png
0.9994659356,1.0727759494,0.2,500,500,SDSS,sdss_311.png,png
1.0003469508,0.5062590488,0.2,500,500,SDSS,sdss_312.png,png
1.0025958368,14.7037288263,0.2,500,500,SDSS,sdss_313.png,png
1.0026920325,-11.1779791525,0.2,500,500,SDSS,sdss_314.png,png
1.0032997865,16.0195751466,0.2,500,500,SDSS,sdss_315.png,png
1.0067345364,-10.8302228545,0.2,500,500,SDSS,sdss_316.png,png
1.0078473252,0.4937126376,0.2,500,500,SDSS,sdss_317.png,png
1.0108827774,0.4763385993,0.2,500,500,SDSS,sdss_318.png,png
1.0122576108,13.7514625703,0.2,500,500,SDSS,sdss_319.png,png
1.0124526868,-10.0439886841,0.2,500,500,SDSS,sdss_320.png,png
1.0133987937,0.5027161344,0.2,500,500,SDSS,sdss_321.png,png
1.0136055884,0.6456642745,0.2,500,500,SDSS,sdss_322.png,png
1.0176265654,1.8384496401,0.2,500,500,SDSS,sdss_323.png,png
1.0179816506,-10.3649820061,0.2,500,500,SDSS,sdss_324.png,png
1.0233367404,-10.1132183056,0.2,500,500,SDSS,sdss_325.png,png
1.0250437161,-0.2259458414,0.2,500,500,SDSS,sdss_326.png,png
1.0267219387,0.5509852067,0.2,500,500,SDSS,sdss_327.png,png
1.0294125338,14.4603524688,0.2,500,500,SDSS,sdss_328.png,png
1.0297019509,-0.8637060388,0.2,500,500,SDSS,sdss_329.png,png
1.0300137175,-0.2622938988,0.2,500,500,SDSS,sdss_330.png,png
1.0322229731,0.7364962009,0.2,500,500,SDSS,sdss_331.png,png
1.0335365106,-9.5606144828,0.2,500,500,SDSS,sdss_332.png,png
1.0421696789,0.6701841998,0.2,500,500,SDSS,sdss_333.png,png
1.0432600543,0.4779458009,0.2,500,500,SDSS,sdss_334.png,png
1.0435921047,-10.0217100214,0.2,500,500,SDSS,sdss_335.png,png
1.0483368826,2.3266408666,0.2,500,500,SDSS,sdss_336.png,png
1.0548124151,13.8515432784,0.2,500,500,SDSS,sdss_337.png,png
1.0566809157,0.7795781509,0.2,500,500,SDSS,sdss_338.png,png
1.0577051054,1.0011848897,0.2,500,500,SDSS,sdss_339.png,png
1.0598530738,0.4758364862,0.2,500,500,SDSS,sdss_340.png,png
1.0650526227,-11.0872252539,0.2,500,500,SDSS,sdss_341.png,png
1.0667476287,-9.9577526412,0.2,500,500,SDSS,sdss_342.png,png
1.0759446289,-1.1614540895,0.2,500,500,SDSS,sdss_343.png,png
1.0849683434,1.1278511532,0.2,500,500,SDSS,sdss_344.png,png
1.0909865381,1.0891678133,0.2,500,500,SDSS,sdss_345.png,png
1.0941366654,0.7280610598,0.2,500,500,SDSS,sdss_346.png,png
1.0950249557,-9.6654585808,0.2,500,500,SDSS,sdss_347.png,png
1.0989268409,14.3578146239,0.2,500,500,SDSS,sdss_348.png,png
1.1025571543,-9.8474876636,0.2,500,500,SDSS,sdss_349.png,png
1.1079839399,-10.2353836631,0.2,500,500,SDSS,sdss_350.png,png
1.1102387988,16.0628132475,0.2,500,500,SDSS,sdss_351.png,png
1.1105949227,14.9319087938,0.2,500,500,SDSS,sdss_352.png,png
1.1109848229,-2.9318675139,0.2,500,500,SDSS,sdss_353.png,png
1.113147666,1.5288556317,0.2,500,500,SDSS,sdss_354.png,png
1.1278259642,14.0368211408,0.2,500,500,SDSS,sdss_355.png,png
1.1330017904,-1.2365875987,0.2,500,500,SDSS,sdss_356.png,png
1.1351171625,0.9087526676,0.2,500,500,SDSS,sdss_357.png,png
1.142789025,-9.0525850432,0.2,500,500,SDSS,sdss_358.png,png
1.1467147642,0.8485939902,0.2,500,500,SDSS,sdss_359.png,png
1.1491449427,15.3713839593,0.2,500,500,SDSS,sdss_360.png,png
1.153316368,-10.3760560212,0.2,500,500,SDSS,sdss_361.png,png
1.1555381668,-9.0231702573,0.2,500,500,SDSS,sdss_362.png,png
1.1567768809,-10.1152731779,0.2,500,500,SDSS,sdss_363.png,png
1.1587131228,1.1221040391,0.2,500,500,SDSS,sdss_364.png,png
1.1602430546,15.8167597219,0.2,500,500,SDSS,sdss_365.png,png
1.166442768,-9.6660321512,0.2,500,500,SDSS,sdss_366.png,png
1.1684930567,0.5839992288,0.2,500,500,SDSS,sdss_367.png,png
1.1697801067,14.2354553569,0.2,500,500,SDSS,sdss_368.png,png
1.1765149176,-0.6441200332,0.2,500,500,SDSS,sdss_369.png,png
1.1862134653,15.7841612669,0.2,500,500,SDSS,sdss_370.png,png
1.1866369198,-10.1235200369,0.2,500,500,SDSS,sdss_371.png,png
1.203922038,0.9511432178,0.2,500,500,SDSS,sdss_372.png,png
1.204074885,0.5593111996,0.2,500,500,SDSS,sdss_373.png,png
1.2049438968,0.4669441427,0.2,500,500,SDSS,sdss_374.png,png
1.2106507319,-9.5367046198,0.2,500,500,SDSS,sdss_375.png,png
1.2132616232,0.9618046114,0.2,500,500,SDSS,sdss_376.png,png
1.2149006733,0.9861168506,0.2,500,500,SDSS,sdss_377.png,png
1.2166460449,0.344703711,0.2,500,500,SDSS,sdss_378.png,png
1.2181547865,0.3517198432,0.2,500,500,SDSS,sdss_379.png,png
1.2223928942,14.9329416061,0.2,500,500,SDSS,sdss_380.png,png
1.2229284022,-10.8020094573,0.2,500,500,SDSS,sdss_381.png,png
1.2251202878,-8.8946457651,0.2,500,500,SDSS,sdss_382.png,png
1.2292220512,0.2968630037,0.2,500,500,SDSS,sdss_383.png,png
1.231176664,-10.803269254,0.2,500,500,SDSS,sdss_384.png,png
1.2322969098,1.1699463607,0.2,500,500,SDSS,sdss_385.png,png
1.2425162149,0.9799871316,0.2,500,500,SDSS,sdss_386.png,png
1.2441378162,0.9620818194,0.2,500,500,SDSS,sdss_387.png,png
1.2447107413,15.6717353803,0.2,500,500,SDSS,sdss_388.png,png
1.2454671605,1.0648267608,0.2,500,500,SDSS,sdss_389.png,png
1.2494888359,0.8424924484,0.2,500,500,SDSS,sdss_390.png,png
1.2501384849,0.348653039,0.2,500,500,SDSS,sdss_391.png,png
1.2501814485,0.4236580677,0.2,500,500,SDSS,sdss_392.png,png
1.2570728807,0.8507599982,0.2,500,500,SDSS,sdss_393.png,png
1.2578972416,14.0156221309,0.2,500,500,SDSS,sdss_394.png,png
1.2604200361,0.3055142861,0.2,500,500,SDSS,sdss_395.png,png
1.2674896157,0.4539014731,0.2,500,500,SDSS,sdss_396.png,png
1.2682673327,0.3829080251,0.2,500,500,SDSS,sdss_397.png,png
1.2727142913,0.4626336738,0.2,500,500,SDSS,sdss_398.png,png
1.2773171893,2.6679368117,0.2,500,500,SDSS,sdss_399.png,png
1.2791044858,15.2526918789,0.2,500,500,SDSS,sdss_400.png,png
1.2813122265,0.4642454165,0.2,500,500,SDSS,sdss_401.png,png
1.2832958882,0.95952971,0.2,500,500,SDSS,sdss_402.png,png
1.2870646204,0.4362637689,0.2,500,500,SDSS,sdss_403.png,png
1.2927038663,-1.0056910024,0.2,500,500,SDSS,sdss_404.png,png
1.2930381932,0.4680639866,0.2,500,500,SDSS,sdss_405.png,png
1.2942886306,-10.4910753884,0.2,500,500,SDSS,sdss_406.png,png
1.2953566591,-10.8510338874,0.2,500,500,SDSS,sdss_407.png,png
1.2960853587,-10.4964280135,0.2,500,500,SDSS,sdss_408.png,png
1.2965138779,-8.9783491834,0.2,500,500,SDSS,sdss_409.png,png
1.2987848129,15.6461693184,0.2,500,500,SDSS,sdss_410.png,png
1.3078323641,-11.0995829271,0.2,500,500,SDSS,sdss_411.png,png
1.3142086335,-0.6430395265,0.2,500,500,SDSS,sdss_412.png,png
1.3174945742,0.3250917538,0.2,500,500,SDSS,sdss_413.png,png
1.3180288486,-0.7844997066,0.2,500,500,SDSS,sdss_414.png,png
1.3219347988,-0.6009495547,0.2,500,500,SDSS,sdss_415.png,png
1.3220651885,15.1487404384,0.2,500,500,SDSS,sdss_416.png,png
1.3225283894,-0.6143353436,0.2,500,500,SDSS,sdss_417.png,png
1.3230960281,0.976607122,0.2,500,500,SDSS,sdss_418.png,png
1.3250207976,15.5675553628,0.2,500,500,SDSS,sdss_419.png,png
1.3265869635,15.6566825495,0.2,500,500,SDSS,sdss_420.png,png
1.3274324118,0.4654447511,0.2,500,500,SDSS,sdss_421.png,png
1.3278351154,0.2957629396,0.2,500,500,SDSS,sdss_422.png,png
1.3328320521,-10.4318994548,0.2,500,500,SDSS,sdss_423.png,png
1.3343170827,-10.4386635198,0.2,500,500,SDSS,sdss_424.png,png
1.3348213147,0.9501460693,0.2,500,500,SDSS,sdss_425.png,png
1.3355741722,0.9455585556,0.2,500,500,SDSS,sdss_426.png,png
1.3359053248,14.5697578804,0.2,500,500,SDSS,sdss_427.png,png
1.3364750252,-10.4695399873,0.2,500,500,SDSS,sdss_428.png,png
1.3444078486,14.8685655295,0.2,500,500,SDSS,sdss_429.png,png
1.3447941115,-9.0356321856,0.2,500,500,SDSS,sdss_430.png,png
1.3505307319,16.0499788501,0.2,500,500,SDSS,sdss_431.png,png
1.362678286,13.8137894876,0.2,500,500,SDSS,sdss_432.png,png
1.3645135285,0.8470282722,0.2,500,500,SDSS,sdss_433.png,png
1.3659868543,15.4139304844,0.2,500,500,SDSS,sdss_434.png,png
1.3662043687,-10.0297119837,0.2,500,500,SDSS,sdss_435.png,png
1.3690836068,-0.4801522465,0.2,500,500,SDSS,sdss_436.png,png
1.3768003199,-9.9503142436,0.2,500,500,SDSS,sdss_437.png,png
1.3777430554,0.2930008864,0.2,500,500,SDSS,sdss_438.png,png
1.3810483935,-10.4828349994,0.2,500,500,SDSS,sdss_439.png,png
1.3818931953,-8.9409929341,0.2,500,500,SDSS,sdss_440.png,png
1.3822138451,-9.5836855397,0.2,500,500,SDSS,sdss_441.png,png
1.3854986831,-11.1522161366,0.2,500,500,SDSS,sdss_442.png,png
1.3896743444,1.6993961714,0.2,500,500,SDSS,sdss_443.png,png
1.3900217787,1.1688677589,0.2,500,500,SDSS,sdss_444.png,png
1.3921067737,0.8617163482,0.2,500,500,SDSS,sdss_445.png,png
1.3924330612,2.5080248504,0.2,500,500,SDSS,sdss_446.png,png
1.3944695453,-10.6354385831,0.2,500,500,SDSS,sdss_447.png,png
1.3995512419,-0.9223158047,0.2,500,500,SDSS,sdss_448.png,png
1.4072437519,0.5494615481,0.2,500,500,SDSS,sdss_449.png,png
1.4109357034,15.6508568229,0.2,500,500,SDSS,sdss_450.png,png
1.4161433481,15.8492750691,0.2,500,500,SDSS,sdss_451.png,png
1.4208712604,-9.3372690669,0.2,500,500,SDSS,sdss_452.png,png
1.4265713171,15.4915581954,0.2,500,500,SDSS,sdss_453.png,png
1.4269481124,0.6069563026,0.2,500,500,SDSS,sdss_454.png,png
1.4272029965,-11.1802276299,0.2,500,500,SDSS,sdss_455.png,png
1.4282090328,15.6844161018,0.2,500,500,SDSS,sdss_456.png,png
1.4288646473,14.6719438672,0.2,500,500,SDSS,sdss_457.png,png
1.4328217962,0.3076126568,0.2,500,500,SDSS,sdss_458.png,png
1.437814881,16.1481363359,0.2,500,500,SDSS,sdss_459.png,png
1.4408956059,-0.5427178993,0.2,500,500,SDSS,sdss_460.png,png
1.4538893791,14.5611409569,0.2,500,500,SDSS,sdss_461.png,png
1.4672813514,-9.3638781906,0.2,500,500,SDSS,sdss_462.png,png
1.4713762606,-9.3970494695,0.2,500,500,SDSS,sdss_463.png,png
1.4742179161,0.4536242826,0.2,500,500,SDSS,sdss_464.png,png
1.482289494,0.5492449151,0.2,500,500,SDSS,sdss_465.png,png
1.4839978929,16.1344893336,0.2,500,500,SDSS,sdss_466.png,png
1.4916612611,-9.3549357277,0.2,500,500,SDSS,sdss_467.png,png
1.4948919532,-9.3440317651,0.2,500,500,SDSS,sdss_468.png,png
1.4951198319,-10.6847252492,0.2,500,500,SDSS,sdss_469.png,png
1.4952508968,-9.1928097385,0.2,500,500,SDSS,sdss_470.png,png
1.5033705029,15.8272864207,0.2,500,500,SDSS,sdss_471.png,png
1.503526183,0.9476276918,0.2,500,500,SDSS,sdss_472.png,png
1.5076136049,0.9468537403,0.2,500,500,SDSS,sdss_473.png,png
1.5096241177,15.9917656925,0.2,500,500,SDSS,sdss_474.png,png
1.5100598296,14.4174512574,0.2,500,500,SDSS,sdss_475.png,png
1.5163103195,-0.726973762,0.2,500,500,SDSS,sdss_476.png,png
1.5232980921,-9.335293019,0.2,500,500,SDSS,sdss_477.png,png
1.5238665397,13.9788413622,0.2,500,500,SDSS,sdss_478.png,png
1.5252356844,0.8291683499,0.2,500,500,SDSS,sdss_479.png,png
1.5293882298,-8.9394876332,0.2,500,500,SDSS,sdss_480.png,png
1.5371651244,-10.8289530358,0.2,500,500,SDSS,sdss_481.png,png
1.537417309,-8.9129566057,0.2,500,500,SDSS,sdss_482.png,png
1.541952484,14.0176131752,0.2,500,500,SDSS,sdss_483.png,png
1.5451551064,-11.1199153815,0.2,500,500,SDSS,sdss_484.png,png
1.5469486654,-9.631660103,0.2,500,500,SDSS,sdss_485.png,png
1.5494680184,15.8169263389,0.2,500,500,SDSS,sdss_486.png,png
1.556783689,0.0833443973,0.2,500,500,SDSS,sdss_487.png,png
1.5604681116,-10.1007680599,0.2,500,500,SDSS,sdss_488.png,png
1.5620912053,1.0407748184,0.2,500,500,SDSS,sdss_489.png,png
1.564885274,-8.9323192021,0.2,500,500,SDSS,sdss_490.png,png
1.5682541108,15.8624931921,0.2,500,500,SDSS,sdss_491.png,png
1.5696802531,-8.9923634664,0.2,500,500,SDSS,sdss_492.png,png
1.5722796313,0.4613993734,0.2,500,500,SDSS,sdss_493.png,png
1.5725664916,15.146298125,0.2,500,500,SDSS,sdss_494.png,png
1.5730309564,-0.6821698681,0.2,500,500,SDSS,sdss_495.png,png
1.5731374408,1.0243274293,0.2,500,500,SDSS,sdss_496.png,png
1.5784153086,-8.8924788797,0.2,500,500,SDSS,sdss_497.png,png
1.5817104578,14.327439785,0.2,500,500,SDSS,sdss_498.png,png
1.582853669,-9.4624709193,0.2,500,500,SDSS,sdss_499.png,png
1.5867803445,13.8737764392,0.2,500,500,SDSS,sdss_500.png,png
1.6065800974,15.4287415544,0.2,500,500,SDSS,sdss_501.png,png
1.6080849595,-10.6846530527,0.2,500,500,SDSS,sdss_502.png,png
1.609210935,-1.1863516422,0.2,500,500,SDSS,sdss_503.png,png
1.6117888224,-9.8371108076,0.2,500,500,SDSS,sdss_504.png,png
1.6125831078,-9.4501330393,0.2,500,500,SDSS,sdss_505.png,png
1.6181048327,0.5052289644,0.2,500,500,SDSS,sdss_506.png,png
1.6188440745,-9.7973183016,0.2,500,500,SDSS,sdss_507.png,png
1.6189792206,0.4848271797,0.2,500,500,SDSS,sdss_508.png,png
1.6201270436,16.07516668,0.2,500,500,SDSS,sdss_509.png,png
1.6202728785,-0.784149295,0.2,500,500,SDSS,sdss_510.png,png
1.6207124591,-0.6159000595,0.2,500,500,SDSS,sdss_511.png,png
1.622039187,14.1823697241,0.2,500,500,SDSS,sdss_512.png,png
1.6225472526,-1.2038551992,0.2,500,500,SDSS,sdss_513.png,png
1.6256109501,13.8650390265,0.2,500,500,SDSS,sdss_514.png,png
1.6295648801,-0.69279141,0.2,500,500,SDSS,sdss_515.png,png
1.6357362518,15.667974828,0.2,500,500,SDSS,sdss_516.png,png
1.6416544086,-0.056135966,0.2,500,500,SDSS,sdss_517.png,png
1.6439727135,15.8090095572,0.2,500,500,SDSS,sdss_518.png,png
1.6444404778,-1.3357027158,0.2,500,500,SDSS,sdss_519.png,png
1.645471392,-9.9646979198,0.2,500,500,SDSS,sdss_520.png,png
1.646835676,-0.4735280719,0.2,500,500,SDSS,sdss_521.png,png
1.6473050132,-0.1166952615,0.2,500,500,SDSS,sdss_522.png,png
1.6488694659,-0.5710702529,0.2,500,500,SDSS,sdss_523.png,png
1.6508233133,0.8752806475,0.2,500,500,SDSS,sdss_524.png,png
1.6511028738,-0.4730955722,0.2,500,500,SDSS,sdss_525.png,png
1.652452501,-0.0332020305,0.2,500,500,SDSS,sdss_526.png,png
1.6537411099,-9.8727379259,0.2,500,500,SDSS,sdss_527.png,png
1.6550677216,-0.5225268813,0.2,500,500,SDSS,sdss_528.png,png
1.6563723616,-11.1705279934,0.2,500,500,SDSS,sdss_529.png,png
1.6568174278,-0.5445394555,0.2,500,500,SDSS,sdss_530.png,png
1.6576471226,-0.8536171012,0.2,500,500,SDSS,sdss_531.png,png
1.658365782,-10.5184061578,0.2,500,500,SDSS,sdss_532.png,png
1.6698530531,-0.4726133118,0.2,500,500,SDSS,sdss_533.png,png
1.6712299078,-10.9738793678,0.2,500,500,SDSS,sdss_534.png,png
1.6714407873,-0.616727565,0.2,500,500,SDSS,sdss_535.png,png
1.6728554901,2.6985196336,0.2,500,500,SDSS,sdss_536.png,png
1.6790985732,-10.5927700639,0.2,500,500,SDSS,sdss_537.png,png
1.681960044,14.8388568582,0.2,500,500,SDSS,sdss_538.png,png
1.6851966329,0.5724813235,0.2,500,500,SDSS,sdss_539.png,png
1.6863157329,-1.4095465444,0.2,500,500,SDSS,sdss_540.png,png
1.6863449623,-9.8649386305,0.2,500,500,SDSS,sdss_541.png,png
1.6880979441,-0.3382734191,0.2,500,500,SDSS,sdss_542.png,png
1.6944188583,16.0004992007,0.2,500,500,SDSS,sdss_543.png,png
1.6972210648,-0.603818838,0.2,500,500,SDSS,sdss_544.png,png
1.7230219158,-0.8480615317,0.2,500,500,SDSS,sdss_545.png,png
1.7238244141,-9.3052077643,0.2,500,500,SDSS,sdss_546.png,png
1.7361270003,15.294855174,0.2,500,500,SDSS,sdss_547.png,png
1.7379738867,0.6913129466,0.2,500,500,SDSS,sdss_548.png,png
1.7395173245,-1.1577313164,0.2,500,500,SDSS,sdss_549.png,png
1.7437653718,-10.7378494472,0.2,500,500,SDSS,sdss_550.png,png
1.7464057745,15.3151007371,0.2,500,500,SDSS,sdss_551.png,png
1.7517697798,0.4208181455,0.2,500,500,SDSS,sdss_552.png,png
1.752309836,0.9029365833,0.2,500,500,SDSS,sdss_553.png,png
1.7566598835,14.106571037,0.2,500,500,SDSS,sdss_554.png,png
1.7611200306,16.039370612,0.2,500,500,SDSS,sdss_555.png,png
1.762466423,-0.7362737854,0.2,500,500,SDSS,sdss_556.png,png
1.7654349354,14.0106686646,0.2,500,500,SDSS,sdss_557.png,png
1.7674136668,0.9069388596,0.2,500,500,SDSS,sdss_558.png,png
1.7747621852,1.0548692986,0.2,500,500,SDSS,sdss_559.png,png
1.7815726707,0.6183514773,0.2,500,500,SDSS,sdss_560.png,png
1.785361493,-11.0644270259,0.2,500,500,SDSS,sdss_561.png,png
1.7881846977,-9.98613534,0.2,500,500,SDSS,sdss_562.png,png
1.7906322905,1.2080993114,0.2,500,500,SDSS,sdss_563.png,png
1.7909438809,1.0666836708,0.2,500,500,SDSS,sdss_564.png,png
1.794802382,-0.4147678384,0.2,500,500,SDSS,sdss_565.png,png
1.7964746233,-1.5971860782,0.2,500,500,SDSS,sdss_566.png,png
1.7966003126,14.923718626,0.2,500,500,SDSS,sdss_567.png,png
1.7986624634,13.768174612,0.2,500,500,SDSS,sdss_568.png,png
1.8057615086,0.4820222673,0.2,500,500,SDSS,sdss_569.png,png
1.8067863439,14.0469069348,0.2,500,500,SDSS,sdss_570.png,png
1.8109833131,-0.6419541133,0.2,500,500,SDSS,sdss_571.png,png
1.8151871168,0.3736761859,0.2,500,500,SDSS,sdss_572.png,png
1.8170892763,14.4273648683,0.2,500,500,SDSS,sdss_573.png,png
1.8172455705,0.5978355157,0.2,500,500,SDSS,sdss_574.png,png
1.8240537524,0.6117693991,0.2,500,500,SDSS,sdss_575.png,png
1.8256922587,0.572993977,0.2,500,500,SDSS,sdss_576.png,png
1.825916959,-3.0274617845,0.2,500,500,SDSS,sdss_577.png,png
1.8314099168,15.9521343794,0.2,500,500,SDSS,sdss_578.png,png
1.8323471072,-8.8603327285,0.2,500,500,SDSS,sdss_579.png,png
1.8324428087,0.5122283262,0.2,500,500,SDSS,sdss_580.png,png
1.8342007679,0.492572198,0.2,500,500,SDSS,sdss_581.png,png
1.8369204842,1.5947085116,0.2,500,500,SDSS,sdss_582.png,png
1.8372422231,-3.3793376492,0.2,500,500,SDSS,sdss_583.png,png
1.8376977202,0.4819826175,0.2,500,500,SDSS,sdss_584.png,png
1.8400517237,1.5293018951,0.2,500,500,SDSS,sdss_585.png,png
1.8436030906,-1.1717714924,0.2,500,500,SDSS,sdss_586.png,png
1.8503109972,15.9338400232,0.2,500,500,SDSS,sdss_587.png,png
1.8509243686,-0.5112143161,0.2,500,500,SDSS,sdss_588.png,png
1.8519766401,-11.1357749391,0.2,500,500,SDSS,sdss_589.png,png
1.854581095,-0.8628712741,0.2,500,500,SDSS,sdss_590.png,png
1.8557751338,0.5432748379,0.2,500,500,SDSS,sdss_591.png,png
1.8569885482,-0.7520882798,0.2,500,500,SDSS,sdss_592.png,png
1.8593059407,16.1138913168,0.2,500,500,SDSS,sdss_593.png,png
1.8613449458,-0.7059951718,0.2,500,500,SDSS,sdss_594.png,png
1.8635870925,1.047458452,0.2,500,500,SDSS,sdss_595.png,png
1.8661647813,0.7852377133,0.2,500,500,SDSS,sdss_596.png,png
1.8677118961,1.355219989,0.2,500,500,SDSS,sdss_597.png,png
1.8685023473,0.7770343897,0.2,500,500,SDSS,sdss_598.png,png
1.8761957379,1.1676711272,0.2,500,500,SDSS,sdss_599.png,png
1.8774550835,-0.804378712,0.2,500,500,SDSS,sdss_600.png,png
1.8853693265,14.2660003412,0.2,500,500,SDSS,sdss_601.png,png
1.885605072,-1.0691159004,0.2,500,500,SDSS,sdss_602.png,png
1.8907166563,-0.2592170625,0.2,500,500,SDSS,sdss_603.png,png
1.8928729843,-3.1397870395,0.2,500,500,SDSS,sdss_604.png,png
1.8968733138,14.9204086903,0.2,500,500,SDSS,sdss_605.png,png
1.8978385595,-10.3790014301,0.2,500,500,SDSS,sdss_606.png,png
1.8988302423,14.4519226292,0.2,500,500,SDSS,sdss_607.png,png
1.9011730501,-0.2320245845,0.2,500,500,SDSS,sdss_608.png,png
1.9041625179,13.9680861512,0.2,500,500,SDSS,sdss_609.png,png
1.9182283395,-8.834874153,0.2,500,500,SDSS,sdss_610.png,png
1.9202754089,-0.7877117088,0.2,500,500,SDSS,sdss_611.png,png
1.9217627231,-0.6959300665,0.2,500,500,SDSS,sdss_612.png,png
1.9277424907,15.1868840131,0.2,500,500,SDSS,sdss_613.png,png
1.9282892278,-10.8146449123,0.2,500,500,SDSS,sdss_614.png,png
1.9338013813,15.1703908846,0.2,500,500,SDSS,sdss_615.png,png
1.9409114125,-0.2640487383,0.2,500,500,SDSS,sdss_616.png,png
1.943103501,-0.2241389586,0.2,500,500,SDSS,sdss_617.png,png
1.9457501571,15.6811619426,0.2,500,500,SDSS,sdss_618.png,png
1.9624057208,13.7892963354,0.2,500,500,SDSS,sdss_619.png,png
1.9638820062,-0.4525765884,0.2,500,500,SDSS,sdss_620.png,png
1.9772925422,-2.2216454465,0.2,500,500,SDSS,sdss_621.png,png
1.9784643227,-10.735409996,0.2,500,500,SDSS,sdss_622.png,png
1.9790506183,-0.8013515138,0.2,500,500,SDSS,sdss_623.png,png
1.9796368143,-0.2280979619,0.2,500,500,SDSS,sdss_624.png,png
1.9838438145,-0.5501356808,0.2,500,500,SDSS,sdss_625.png,png
1.9846312687,-1.0017478482,0.2,500,500,SDSS,sdss_626.png,png
1.9873954017,-8.7543797558,0.2,500,500,SDSS,sdss_627.png,png
1.9911592255,15.9618331492,0.2,500,500,SDSS,sdss_628.png,png
2.0011017071,1.0661825198,0.2,500,500,SDSS,sdss_629.png,png
2.0041029253,14.021849042,0.2,500,500,SDSS,sdss_630.png,png
2.0113323639,-10.6126875013,0.2,500,500,SDSS,sdss_631.png,png
2.0170780068,-9.6117766502,0.2,500,500,SDSS,sdss_632.png,png
2.0192723545,-0.7512715193,0.2,500,500,SDSS,sdss_633.png,png
2.0227662097,14.8881787601,0.2,500,500,SDSS,sdss_634.png,png
2.0229395903,15.0563159813,0.2,500,500,SDSS,sdss_635.png,png
2.0250692085,15.3430247396,0.2,500,500,SDSS,sdss_636.png,png
2.0271342064,13.7580309769,0.2,500,500,SDSS,sdss_637.png,png
2.0289940264,-9.7127131897,0.2,500,500,SDSS,sdss_638.png,png
2.0301356846,-0.779833725,0.2,500,500,SDSS,sdss_639.png,png
2.0334863421,0.6640425814,0.2,500,500,SDSS,sdss_640.png,png
2.0339637266,15.6106014772,0.2,500,500,SDSS,sdss_641.png,png
2.0501205927,15.5287687375,0.2,500,500,SDSS,sdss_642.png,png
2.0505090107,-10.996168721,0.2,500,500,SDSS,sdss_643.png,png
2.0546258556,0.791835471,0.2,500,500,SDSS,sdss_644.png,png
2.0553900485,-0.6539685834,0.2,500,500,SDSS,sdss_645.png,png
2.0611548825,15.1313668602,0.2,500,500,SDSS,sdss_646.png,png
2.070014387,-10.1271300174,0.2,500,500,SDSS,sdss_647.png,png
2.0708168173,-0.4920978089,0.2,500,500,SDSS,sdss_648.png,png
2.0767109994,-10.8860018679,0.2,500,500,SDSS,sdss_649.png,png
2.0777092424,-0.175421367,0.2,500,500,SDSS,sdss_650.png,png
2.080889024,-0.1797700986,0.2,500,500,SDSS,sdss_651.png,png
2.0821929295,-7.683648E-4,0.2,500,500,SDSS,sdss_652.png,png
2.0865547846,15.1560681553,0.2,500,500,SDSS,sdss_653.png,png
2.0945469292,-0.9397339831,0.2,500,500,SDSS,sdss_654.png,png
2.0987426576,1.0562415642,0.2,500,500,SDSS,sdss_655.png,png
2.1078223196,-0.608691314,0.2,500,500,SDSS,sdss_656.png,png
2.1104736216,0.3692477647,0.2,500,500,SDSS,sdss_657.png,png
2.1117604704,0.3188674084,0.2,500,500,SDSS,sdss_658.png,png
2.1175832277,0.0658539569,0.2,500,500,SDSS,sdss_659.png,png
2.1233475028,-0.3357796812,0.2,500,500,SDSS,sdss_660.png,png
2.1354617922,-10.2824447976,0.2,500,500,SDSS,sdss_661.png,png
2.1356353896,1.0390280672,0.2,500,500,SDSS,sdss_662.png,png
2.137044004,1.0389198834,0.2,500,500,SDSS,sdss_663.png,png
2.1376325821,-1.2386799847,0.2,500,500,SDSS,sdss_664.png,png
2.1405394669,0.0244081238,0.2,500,500,SDSS,sdss_665.png,png
2.1429007763,-10.9493133217,0.2,500,500,SDSS,sdss_666.png,png
2.151111705,-0.5960949238,0.2,500,500,SDSS,sdss_667.png,png
2.1515248283,-0.0513359774,0.2,500,500,SDSS,sdss_668.png,png
2.1542472343,-1.6602934981,0.2,500,500,SDSS,sdss_669.png,png
2.1561664763,0.9340421127,0.2,500,500,SDSS,sdss_670.png,png
2.1591600653,-0.7353255925,0.2,500,500,SDSS,sdss_671.png,png
2.1633661677,-0.7190986544,0.2,500,500,SDSS,sdss_672.png,png
2.1657636604,-9.4655383408,0.2,500,500,SDSS,sdss_673.png,png
2.1662892413,1.1501409669,0.2,500,500,SDSS,sdss_674.png,png
2.167637321,0.6669289176,0.2,500,500,SDSS,sdss_675.png,png
2.1683533524,14.0092629254,0.2,500,500,SDSS,sdss_676.png,png
2.1689001481,-10.4527761186,0.2,500,500,SDSS,sdss_677.png,png
2.1731610202,14.2746304727,0.2,500,500,SDSS,sdss_678.png,png
2.1770903417,15.3513555834,0.2,500,500,SDSS,sdss_679.png,png
2.183453393,-10.5738715549,0.2,500,500,SDSS,sdss_680.png,png
2.1916690334,15.8617661917,0.2,500,500,SDSS,sdss_681.png,png
2.1930139795,2.5903571139,0.2,500,500,SDSS,sdss_682.png,png
2.1981626415,-8.9849492758,0.2,500,500,SDSS,sdss_683.png,png
2.1994131822,-0.6251050928,0.2,500,500,SDSS,sdss_684.png,png
2.2091824095,-9.2312673008,0.2,500,500,SDSS,sdss_685.png,png
2.2132199755,-0.328825253,0.2,500,500,SDSS,sdss_686.png,png
2.2133177353,-9.0652407452,0.2,500,500,SDSS,sdss_687.png,png
2.2158110693,-9.8233948079,0.2,500,500,SDSS,sdss_688.png,png
2.2227972295,14.7182168345,0.2,500,500,SDSS,sdss_689.png,png
2.2266371887,0.4766963063,0.2,500,500,SDSS,sdss_690.png,png
2.2353673206,15.7041480231,0.2,500,500,SDSS,sdss_691.png,png
2.2363097824,14.2974159806,0.2,500,500,SDSS,sdss_692.png,png
2.2364022416,14.2903530816,0.2,500,500,SDSS,sdss_693.png,png
2.2480429661,-10.2983445026,0.2,500,500,SDSS,sdss_694.png,png
2.2531281493,-1.013098151,0.2,500,500,SDSS,sdss_695.png,png
2.2547015127,-9.0347460955,0.2,500,500,SDSS,sdss_696.png,png
2.2547188195,13.9473423296,0.2,500,500,SDSS,sdss_697.png,png
2.2585087765,15.9095873078,0.2,500,500,SDSS,sdss_698.png,png
2.2592477351,15.1265700004,0.2,500,500,SDSS,sdss_699.png,png
2.2610874088,14.015522716,0.2,500,500,SDSS,sdss_700.png,png
2.2612637362,-0.7940871086,0.2,500,500,SDSS,sdss_701.png,png
2.262877091,15.6452073172,0.2,500,500,SDSS,sdss_702.png,png
2.2648902768,-0.5825276727,0.2,500,500,SDSS,sdss_703.png,png
2.2678275598,-0.6071080485,0.2,500,500,SDSS,sdss_704.png,png
2.2690298741,-0.2857935348,0.2,500,500,SDSS,sdss_705.png,png
2.2697385344,-10.3238715472,0.2,500,500,SDSS,sdss_706.png,png
2.2699653168,-0.005607345,0.2,500,500,SDSS,sdss_707.png,png
2.2751964719,-10.6424388726,0.2,500,500,SDSS,sdss_708.png,png
2.2763291807,0.0310716783,0.2,500,500,SDSS,sdss_709.png,png
2.2766002841,-10.0623013709,0.2,500,500,SDSS,sdss_710.png,png
2.2770939639,0.0424452003,0.2,500,500,SDSS,sdss_711.png,png
2.282326491,15.9178583688,0.2,500,500,SDSS,sdss_712.png,png
2.282731347,-0.606458042,0.2,500,500,SDSS,sdss_713.png,png
2.2829478774,14.465505397,0.2,500,500,SDSS,sdss_714.png,png
2.2842251247,-0.3536524559,0.2,500,500,SDSS,sdss_715.png,png
2.2859506491,14.9497757494,0.2,500,500,SDSS,sdss_716.png,png
2.287852054,14.9582791743,0.2,500,500,SDSS,sdss_717.png,png
2.2912419711,-0.6181659911,0.2,500,500,SDSS,sdss_718.png,png
2.2923337588,-1.1138785355,0.2,500,500,SDSS,sdss_719.png,png
2.2928021079,-0.6084391661,0.2,500,500,SDSS,sdss_720.png,png
2.2936180651,0.0975176729,0.2,500,500,SDSS,sdss_721.png,png
2.2971634172,14.9217311488,0.2,500,500,SDSS,sdss_722.png,png
2.2985593151,0.6562161227,0.2,500,500,SDSS,sdss_723.png,png
2.3035351411,-0.1744710906,0.2,500,500,SDSS,sdss_724.png,png
2.3035479673,2.2941260688,0.2,500,500,SDSS,sdss_725.png,png
2.306588691,0.3175445609,0.2,500,500,SDSS,sdss_726.png,png
2.3071937167,-0.2511820981,0.2,500,500,SDSS,sdss_727.png,png
2.3109132275,16.1940782036,0.2,500,500,SDSS,sdss_728.png,png
2.3254951211,-0.3255906475,0.2,500,500,SDSS,sdss_729.png,png
2.3272509125,14.3918761001,0.2,500,500,SDSS,sdss_730.png,png
2.3281714333,0.3290019369,0.2,500,500,SDSS,sdss_731.png,png
2.3314464971,0.5992379719,0.2,500,500,SDSS,sdss_732.png,png
2.3316644083,-11.1073936859,0.2,500,500,SDSS,sdss_733.png,png
2.3325992798,15.277771451,0.2,500,500,SDSS,sdss_734.png,png
2.332926331,-1.0415739472,0.2,500,500,SDSS,sdss_735.png,png
2.3336127401,-10.6359928071,0.2,500,500,SDSS,sdss_736.png,png
2.3354227292,15.5429001795,0.2,500,500,SDSS,sdss_737.png,png
2.335875086,-9.6627779711,0.2,500,500,SDSS,sdss_738.png,png
2.3398389337,-0.0703517693,0.2,500,500,SDSS,sdss_739.png,png
2.3446210423,-0.6921113898,0.2,500,500,SDSS,sdss_740.png,png
2.3471121854,-0.0560607287,0.2,500,500,SDSS,sdss_741.png,png
2.3507306159,0.5378482056,0.2,500,500,SDSS,sdss_742.png,png
2.3647395841,14.3991864637,0.2,500,500,SDSS,sdss_743.png,png
2.3653953505,-10.4500244203,0.2,500,500,SDSS,sdss_744.png,png
2.3712727256,-9.1841555774,0.2,500,500,SDSS,sdss_745.png,png
2.3757583641,-0.3315840288,0.2,500,500,SDSS,sdss_746.png,png
2.3767003298,-0.293068492,0.2,500,500,SDSS,sdss_747.png,png
2.3789339412,-10.9748905472,0.2,500,500,SDSS,sdss_748.png,png
2.3809689541,15.0755089979,0.2,500,500,SDSS,sdss_749.png,png
2.3814234557,-9.9868814434,0.2,500,500,SDSS,sdss_750.png,png
2.3863074624,-1.2061167309,0.2,500,500,SDSS,sdss_751.png,png
2.3871120376,14.2896317514,0.2,500,500,SDSS,sdss_752.png,png
2.3890692098,-1.0857891221,0.2,500,500,SDSS,sdss_753.png,png
2.3957809095,15.608313278,0.2,500,500,SDSS,sdss_754.png,png
2.3959117086,14.7418517742,0.2,500,500,SDSS,sdss_755.png,png
2.4011828614,-0.4661649605,0.2,500,500,SDSS,sdss_756.png,png
2.4017052393,0.8860443908,0.2,500,500,SDSS,sdss_757.png,png
2.4046523705,0.3484594866,0.2,500,500,SDSS,sdss_758.png,png
2.4133498877,-0.232652098,0.2,500,500,SDSS,sdss_759.png,png
2.4147206333,-0.540207905,0.2,500,500,SDSS,sdss_760.png,png
2.4176667408,-10.4174262542,0.2,500,500,SDSS,sdss_761.png,png
2.4181849545,-1.2502290069,0.2,500,500,SDSS,sdss_762.png,png
2.4215136939,-0.5312332688,0.2,500,500,SDSS,sdss_763.png,png
2.4309289077,16.0227200713,0.2,500,500,SDSS,sdss_764.png,png
2.4359073902,14.1157502041,0.2,500,500,SDSS,sdss_765.png,png
2.4409301687,15.5718894297,0.2,500,500,SDSS,sdss_766.png,png
2.443264643,-11.0595848044,0.2,500,500,SDSS,sdss_767.png,png
2.4557154329,-0.6841863556,0.2,500,500,SDSS,sdss_768.png,png
2.4601689641,-0.9177792812,0.2,500,500,SDSS,sdss_769.png,png
2.4606418489,-0.9019067819,0.2,500,500,SDSS,sdss_770.png,png
2.4646318625,15.6317194473,0.2,500,500,SDSS,sdss_771.png,png
2.4685528796,-1.149945877,0.2,500,500,SDSS,sdss_772.png,png
2.4699223905,-0.4465835253,0.2,500,500,SDSS,sdss_773.png,png
2.4706016297,-9.4048181152,0.2,500,500,SDSS,sdss_774.png,png
2.4729749219,-9.9026959744,0.2,500,500,SDSS,sdss_775.png,png
2.4810897623,14.1725806105,0.2,500,500,SDSS,sdss_776.png,png
2.4865428039,15.0861695,0.2,500,500,SDSS,sdss_777.png,png
2.4898185602,0.1005558565,0.2,500,500,SDSS,sdss_778.png,png
2.4907988201,15.6458353869,0.2,500,500,SDSS,sdss_779.png,png
2.4930333778,-1.1501629895,0.2,500,500,SDSS,sdss_780.png,png
2.4950897094,-10.1579374795,0.2,500,500,SDSS,sdss_781.png,png
2.4994475689,-10.1950612661,0.2,500,500,SDSS,sdss_782.png,png
2.4996774676,0.3468333521,0.2,500,500,SDSS,sdss_783.png,png
2.5007626473,-0.8097278047,0.2,500,500,SDSS,sdss_784.png,png
2.509458124,-0.6349490353,0.2,500,500,SDSS,sdss_785.png,png
2.5124666358,-2.4012420208,0.2,500,500,SDSS,sdss_786.png,png
2.5149400049,14.3092008125,0.2,500,500,SDSS,sdss_787.png,png
2.518344198,-1.6105195166,0.2,500,500,SDSS,sdss_788.png,png
2.5229607687,-1.0944135689,0.2,500,500,SDSS,sdss_789.png,png
2.5230217282,0.6735118768,0.2,500,500,SDSS,sdss_790.png,png
2.5255510709,-9.23903799,0.2,500,500,SDSS,sdss_791.png,png
2.5275679475,-0.4360458654,0.2,500,500,SDSS,sdss_792.png,png
2.5301003913,0.3284858217,0.2,500,500,SDSS,sdss_793.png,png
2.5337932851,-10.5344392853,0.2,500,500,SDSS,sdss_794.png,png
2.5392868964,0.3689285473,0.2,500,500,SDSS,sdss_795.png,png
2.5456675741,0.0049097999,0.2,500,500,SDSS,sdss_796.png,png
2.5464211436,-10.2279297247,0.2,500,500,SDSS,sdss_797.png,png
2.5484069128,14.885517723,0.2,500,500,SDSS,sdss_798.png,png
2.5521609459,-10.1162723989,0.2,500,500,SDSS,sdss_799.png,png
2.5529419461,0.4939965819,0.2,500,500,SDSS,sdss_800.png,png
2.5576199703,-0.5406918972,0.2,500,500,SDSS,sdss_801.png,png
2.5584758719,-9.4779012566,0.2,500,500,SDSS,sdss_802.png,png
2.5592822317,-10.1459818916,0.2,500,500,SDSS,sdss_803.png,png
2.5641053803,-0.6969521201,0.2,500,500,SDSS,sdss_804.png,png
2.5669495621,-0.730563705,0.2,500,500,SDSS,sdss_805.png,png
2.5759679512,0.2064689096,0.2,500,500,SDSS,sdss_806.png,png
2.6021994876,0.9225401981,0.2,500,500,SDSS,sdss_807.png,png
2.6057625558,0.961398809,0.2,500,500,SDSS,sdss_808.png,png
2.6062142705,14.2897307706,0.2,500,500,SDSS,sdss_809.png,png
2.6064775075,0.9721349269,0.2,500,500,SDSS,sdss_810.png,png
2.606911119,-11.037066868,0.2,500,500,SDSS,sdss_811.png,png
2.6203894749,1.0503506699,0.2,500,500,SDSS,sdss_812.png,png
2.6207731239,-0.7700111657,0.2,500,500,SDSS,sdss_813.png,png
2.6211971385,-0.3194746104,0.2,500,500,SDSS,sdss_814.png,png
2.6258372809,-9.7594061723,0.2,500,500,SDSS,sdss_815.png,png
2.6311383127,-0.0429115353,0.2,500,500,SDSS,sdss_816.png,png
2.6348750648,3.3617755365,0.2,500,500,SDSS,sdss_817.png,png
2.6389610822,14.5733660043,0.2,500,500,SDSS,sdss_818.png,png
2.6397464895,14.4073394129,0.2,500,500,SDSS,sdss_819.png,png
2.6468125949,14.3992622808,0.2,500,500,SDSS,sdss_820.png,png
2.6498013407,15.0486069764,0.2,500,500,SDSS,sdss_821.png,png
2.6592971362,-0.9247072293,0.2,500,500,SDSS,sdss_822.png,png
2.6599604263,-0.9017482721,0.2,500,500,SDSS,sdss_823.png,png
2.6639357969,-0.0528888272,0.2,500,500,SDSS,sdss_824.png,png
2.6641221871,-0.2285497254,0.2,500,500,SDSS,sdss_825.png,png
2.6677848513,15.0830380824,0.2,500,500,SDSS,sdss_826.png,png
2.678338676,14.7111470998,0.2,500,500,SDSS,sdss_827.png,png
2.6853906308,-0.7365783879,0.2,500,500,SDSS,sdss_828.png,png
2.6897495637,-0.1277864884,0.2,500,500,SDSS,sdss_829.png,png
2.6943905694,-0.8923972039,0.2,500,500,SDSS,sdss_830.png,png
2.6962178115,-0.1447973443,0.2,500,500,SDSS,sdss_831.png,png
2.6962225935,-11.164761263,0.2,500,500,SDSS,sdss_832.png,png
2.6995636976,14.8503670137,0.2,500,500,SDSS,sdss_833.png,png
2.7041475311,-0.7325976586,0.2,500,500,SDSS,sdss_834.png,png
2.7071097792,-11.1369505779,0.2,500,500,SDSS,sdss_835.png,png
2.7100018907,-9.492118034,0.2,500,500,SDSS,sdss_836.png,png
2.7163928843,-0.368448207,0.2,500,500,SDSS,sdss_837.png,png
2.7171028448,-0.6700589243,0.2,500,500,SDSS,sdss_838.png,png
2.7193173919,-10.0051014363,0.2,500,500,SDSS,sdss_839.png,png
2.7193998441,15.5907277786,0.2,500,500,SDSS,sdss_840.png,png
2.722458126,-10.0607157953,0.2,500,500,SDSS,sdss_841.png,png
2.723818771,-11.1228747063,0.2,500,500,SDSS,sdss_842.png,png
2.7274935979,13.7815040294,0.2,500,500,SDSS,sdss_843.png,png
2.728770678,15.0722814327,0.2,500,500,SDSS,sdss_844.png,png
2.7311726914,14.3918120917,0.2,500,500,SDSS,sdss_845.png,png
2.7345037454,14.7018566668,0.2,500,500,SDSS,sdss_846.png,png
2.7431075906,-1.2063517308,0.2,500,500,SDSS,sdss_847.png,png
2.7506586662,-9.6245160174,0.2,500,500,SDSS,sdss_848.png,png
2.7507289357,0.3092610572,0.2,500,500,SDSS,sdss_849.png,png
2.7512768835,14.9003031354,0.2,500,500,SDSS,sdss_850.png,png
2.7520584063,-9.4827305709,0.2,500,500,SDSS,sdss_851.png,png
2.7551860468,-0.1625628344,0.2,500,500,SDSS,sdss_852.png,png
2.7583349291,-1.2351423988,0.2,500,500,SDSS,sdss_853.png,png
2.7631176031,15.1754633879,0.2,500,500,SDSS,sdss_854.png,png
2.7637193471,-9.6511764204,0.2,500,500,SDSS,sdss_855.png,png
2.7650743423,-10.0374000378,0.2,500,500,SDSS,sdss_856.png,png
2.7670516468,14.9089682701,0.2,500,500,SDSS,sdss_857.png,png
2.7678744169,-0.9919597573,0.2,500,500,SDSS,sdss_858.png,png
2.7700523271,-0.7461873404,0.2,500,500,SDSS,sdss_859.png,png
2.7733014659,0.7916150482,0.2,500,500,SDSS,sdss_860.png,png
2.7793948377,-1.9074938764,0.2,500,500,SDSS,sdss_861.png,png
2.7796550016,0.4302103124,0.2,500,500,SDSS,sdss_862.png,png
2.7866941923,2.5274930859,0.2,500,500,SDSS,sdss_863.png,png
2.7874070544,0.5740329716,0.2,500,500,SDSS,sdss_864.png,png
2.7874906875,0.6462550965,0.2,500,500,SDSS,sdss_865.png,png
2.7891441356,-1.1432808537,0.2,500,500,SDSS,sdss_866.png,png
2.7911732575,-9.9960670879,0.2,500,500,SDSS,sdss_867.png,png
2.7968884032,0.2572853245,0.2,500,500,SDSS,sdss_868.png,png
2.7977968984,-0.2034538593,0.2,500,500,SDSS,sdss_869.png,png
2.8021861889,0.6514610911,0.2,500,500,SDSS,sdss_870.png,png
2.804748695,14.2816076633,0.2,500,500,SDSS,sdss_871.png,png
2.8099040076,-11.0330555041,0.2,500,500,SDSS,sdss_872.png,png
2.8117959477,-10.2584550333,0.2,500,500,SDSS,sdss_873.png,png
2.818533329,-10.0241242184,0.2,500,500,SDSS,sdss_874.png,png
2.8194978963,0.4897181456,0.2,500,500,SDSS,sdss_875.png,png
2.8266171464,-1.2429363193,0.2,500,500,SDSS,sdss_876.png,png
2.8301940896,-1.2162447427,0.2,500,500,SDSS,sdss_877.png,png
2.8326698907,-9.6612718313,0.2,500,500,SDSS,sdss_878.png,png
2.8327427166,14.3388664719,0.2,500,500,SDSS,sdss_879.png,png
2.8371529337,1.1823521469,0.2,500,500,SDSS,sdss_880.png,png
2.8423368156,1.011769035,0.2,500,500,SDSS,sdss_881.png,png
2.8427534362,-1.2541369503,0.2,500,500,SDSS,sdss_882.png,png
2.8431888372,-10.7206468124,0.2,500,500,SDSS,sdss_883.png,png
2.8458636351,-1.0736983992,0.2,500,500,SDSS,sdss_884.png,png
2.84644278,0.1901170892,0.2,500,500,SDSS,sdss_885.png,png
2.8495934592,-11.2004706399,0.2,500,500,SDSS,sdss_886.png,png
2.8601524494,13.7545758594,0.2,500,500,SDSS,sdss_887.png,png
2.8622716695,15.8915864351,0.2,500,500,SDSS,sdss_888.png,png
2.8632805092,2.2549892739,0.2,500,500,SDSS,sdss_889.png,png
2.8704784427,-9.4995240427,0.2,500,500,SDSS,sdss_890.png,png
2.8717443061,-0.6243295372,0.2,500,500,SDSS,sdss_891.png,png
2.8736963121,16.0460392253,0.2,500,500,SDSS,sdss_892.png,png
2.8742251888,-9.9612021566,0.2,500,500,SDSS,sdss_893.png,png
2.8768564316,-1.1567667976,0.2,500,500,SDSS,sdss_894.png,png
2.8771992283,-10.5551477937,0.2,500,500,SDSS,sdss_895.png,png
2.878896777,-0.7315696971,0.2,500,500,SDSS,sdss_896.png,png
2.8800049281,-10.0438657748,0.2,500,500,SDSS,sdss_897.png,png
2.8806040693,-1.2399421434,0.2,500,500,SDSS,sdss_898.png,png
2.892609686,-10.980435778,0.2,500,500,SDSS,sdss_899.png,png
2.9004306777,-11.1289138278,0.2,500,500,SDSS,sdss_900.png,png
2.9006294086,13.8050537308,0.2,500,500,SDSS,sdss_901.png,png
2.9070304599,-0.4921242262,0.2,500,500,SDSS,sdss_902.png,png
2.9078702864,14.4071722376,0.2,500,500,SDSS,sdss_903.png,png
2.9121282447,-10.5916429197,0.2,500,500,SDSS,sdss_904.png,png
2.9125480999,1.6308969403,0.2,500,500,SDSS,sdss_905.png,png
2.9165731769,-0.4739423255,0.2,500,500,SDSS,sdss_906.png,png
2.9165994552,-2.1734349956,0.2,500,500,SDSS,sdss_907.png,png
2.9186839155,-10.8820355172,0.2,500,500,SDSS,sdss_908.png,png
2.9215780969,-9.6712643668,0.2,500,500,SDSS,sdss_909.png,png
2.9227630937,-1.1604207031,0.2,500,500,SDSS,sdss_910.png,png
2.9299425398,14.4670089996,0.2,500,500,SDSS,sdss_911.png,png
2.9319938062,0.5229103174,0.2,500,500,SDSS,sdss_912.png,png
2.9336535982,0.5236849879,0.2,500,500,SDSS,sdss_913.png,png
2.9367190824,14.5371371554,0.2,500,500,SDSS,sdss_914.png,png
2.9435535055,-9.9837204721,0.2,500,500,SDSS,sdss_915.png,png
2.9457367882,14.8061546218,0.2,500,500,SDSS,sdss_916.png,png
2.9498539228,0.8347140082,0.2,500,500,SDSS,sdss_917.png,png
2.9560353135,-0.0317779723,0.2,500,500,SDSS,sdss_918.png,png
2.9566737126,-0.1323380849,0.2,500,500,SDSS,sdss_919.png,png
2.9648940091,-0.820143123,0.2,500,500,SDSS,sdss_920.png,png
2.9662514301,-0.3264870145,0.2,500,500,SDSS,sdss_921.png,png
2.9694784108,14.7159343493,0.2,500,500,SDSS,sdss_922.png,png
2.9723008683,14.8784541815,0.2,500,500,SDSS,sdss_923.png,png
2.9745131288,14.923336134,0.2,500,500,SDSS,sdss_924.png,png
2.9768453176,-10.9022993982,0.2,500,500,SDSS,sdss_925.png,png
2.9781604267,-0.1373348418,0.2,500,500,SDSS,sdss_926.png,png
2.9782309115,0.2061897178,0.2,500,500,SDSS,sdss_927.png,png
2.9907855416,0.7922935611,0.2,500,500,SDSS,sdss_928.png,png
2.9974331693,0.3709008992,0.2,500,500,SDSS,sdss_929.png,png
3.0112224988,-1.2652496459,0.2,500,500,SDSS,sdss_930.png,png
3.0125050893,-1.0072218681,0.2,500,500,SDSS,sdss_931.png,png
3.0144783173,1.9321582349,0.2,500,500,SDSS,sdss_932.png,png
3.0163859591,1.1053612694,0.2,500,500,SDSS,sdss_933.png,png
3.016514235,-10.0927512711,0.2,500,500,SDSS,sdss_934.png,png
3.0206324181,0.3062120498,0.2,500,500,SDSS,sdss_935.png,png
3.0253798964,-0.4152071299,0.2,500,500,SDSS,sdss_936.png,png
3.0261103656,16.026923152,0.2,500,500,SDSS,sdss_937.png,png
3.0265688574,-11.137470706,0.2,500,500,SDSS,sdss_938.png,png
3.0307531857,-11.2013208742,0.2,500,500,SDSS,sdss_939.png,png
3.0359652168,-0.24441168,0.2,500,500,SDSS,sdss_940.png,png
3.0392103656,-9.302416262,0.2,500,500,SDSS,sdss_941.png,png
3.0401419182,0.1512683446,0.2,500,500,SDSS,sdss_942.png,png
3.0477423258,1.2690233923,0.2,500,500,SDSS,sdss_943.png,png
3.0484515977,-10.9281301375,0.2,500,500,SDSS,sdss_944.png,png
3.0516302612,1.0368348981,0.2,500,500,SDSS,sdss_945.png,png
3.0517268081,-11.0029077869,0.2,500,500,SDSS,sdss_946.png,png
3.058981051,1.045094394,0.2,500,500,SDSS,sdss_947.png,png
3.0600488534,-1.0075794902,0.2,500,500,SDSS,sdss_948.png,png
3.0601585427,-0.7098688494,0.2,500,500,SDSS,sdss_949.png,png
3.0617387718,0.3763173727,0.2,500,500,SDSS,sdss_950.png,png
3.0635442404,-0.9803779085,0.2,500,500,SDSS,sdss_951.png,png
3.0672417712,15.0186492379,0.2,500,500,SDSS,sdss_952.png,png
3.0680743851,-1.1689858564,0.2,500,500,SDSS,sdss_953.png,png
3.0742865324,-0.1029676492,0.2,500,500,SDSS,sdss_954.png,png
3.0787179931,-0.0133467701,0.2,500,500,SDSS,sdss_955.png,png
3.0843982788,-0.3997676801,0.2,500,500,SDSS,sdss_956.png,png
3.0917731306,16.2422747214,0.2,500,500,SDSS,sdss_957.png,png
3.0984556211,-9.6747245633,0.2,500,500,SDSS,sdss_958.png,png
3.104914563,0.2158963256,0.2,500,500,SDSS,sdss_959.png,png
3.1050008419,0.398790004,0.2,500,500,SDSS,sdss_960.png,png
3.1067307175,-2.3999348652,0.2,500,500,SDSS,sdss_961.png,png
3.1090947726,14.7640267941,0.2,500,500,SDSS,sdss_962.png,png
3.1117789738,-0.8054020756,0.2,500,500,SDSS,sdss_963.png,png
3.1144166366,15.1012697323,0.2,500,500,SDSS,sdss_964.png,png
3.1189020389,14.1777447628,0.2,500,500,SDSS,sdss_965.png,png
3.1205978704,1.3919527476,0.2,500,500,SDSS,sdss_966.png,png
3.1299983624,0.1222196122,0.2,500,500,SDSS,sdss_967.png,png
3.1338410315,0.127104069,0.2,500,500,SDSS,sdss_968.png,png
3.1396010008,2.1143112111,0.2,500,500,SDSS,sdss_969.png,png
3.1404409114,-0.0484672897,0.2,500,500,SDSS,sdss_970.png,png
3.1435892356,0.0497844573,0.2,500,500,SDSS,sdss_971.png,png
3.1478511355,0.2316985999,0.2,500,500,SDSS,sdss_972.png,png
3.1482380651,-0.8025768425,0.2,500,500,SDSS,sdss_973.png,png
3.1583643661,-0.134410938,0.2,500,500,SDSS,sdss_974.png,png
3.1585005244,0.8304166046,0.2,500,500,SDSS,sdss_975.png,png
3.158680114,15.7624430559,0.2,500,500,SDSS,sdss_976.png,png
3.1666530419,-9.2338113126,0.2,500,500,SDSS,sdss_977.png,png
3.1669325765,-0.036225032,0.2,500,500,SDSS,sdss_978.png,png
3.1691207882,1.2195050066,0.2,500,500,SDSS,sdss_979.png,png
3.174095661,0.3019381195,0.2,500,500,SDSS,sdss_980.png,png
3.1749607249,-11.1410545326,0.2,500,500,SDSS,sdss_981.png,png
3.1761856114,0.673379156,0.2,500,500,SDSS,sdss_982.png,png
3.1788528003,1.0729190659,0.2,500,500,SDSS,sdss_983.png,png
3.1809517583,15.1236797968,0.2,500,500,SDSS,sdss_984.png,png
3.1815335635,14.409561237,0.2,500,500,SDSS,sdss_985.png,png
3.1823556852,-0.0280856308,0.2,500,500,SDSS,sdss_986.png,png
3.1843506148,-9.8850364744,0.2,500,500,SDSS,sdss_987.png,png
3.1849850047,-10.0967315697,0.2,500,500,SDSS,sdss_988.png,png
3.1852348077,14.457394359,0.2,500,500,SDSS,sdss_989.png,png
3.1904082854,0.6659887893,0.2,500,500,SDSS,sdss_990.png,png
3.1921727968,0.7911185297,0.2,500,500,SDSS,sdss_991.png,png
3.1944429447,2.8748074352,0.2,500,500,SDSS,sdss_992.png,png
3.1969186022,15.7493257955,0.2,500,500,SDSS,sdss_993.png,png
3.1982990754,0.522913787,0.2,500,500,SDSS,sdss_994.png,png
3.1994059198,1.2040152134,0.2,500,500,SDSS,sdss_995.png,png
3.2018520116,-10.1412458367,0.2,500,500,SDSS,sdss_996.png,png
3.202117833,0.7501762793,0.2,500,500,SDSS,sdss_997.png,png
3.2043776193,13.9165945486,0.2,500,500,SDSS,sdss_998.png,png
3.2053559476,-10.0479270428,0.2,500,500,SDSS,sdss_999.png,png
3.2087969926,15.5873404982,0.2,500,500,SDSS,sdss_1000.png,png
